000, LawnAndGarden
001, coates
002, jackets
003, electronics
004, electronics
005, electronics
006, shoes
007, electronics
008, LawnAndGarden
009, LawnAndGarden
010, dresses
011, electronics
012, electronics
013, jackets
014, jackets
015, LawnAndGarden
016, coates
017, electronics
018, dresses
019, electronics
020, jackets
021, dresses
022, LawnAndGarden
023, LawnAndGarden
024, coates
025, dresses
026, dresses
027, LawnAndGarden
028, jackets
029, jackets
030, jackets
031, dresses
032, dresses
033, jackets
034, shoes
035, shoes
036, shoes
037, electronics
038, electronics
039, dresses
040, shoes
041, electronics
042, LawnAndGarden
043, jackets
044, jackets
045, jackets
046, shoes
047, jackets
048, LawnAndGarden
049, shoes
050, dresses
051, dresses
052, LawnAndGarden
053, coates
054, dresses
055, electronics
056, electronics
057, dresses
058, LawnAndGarden
059, jackets
060, electronics
061, electronics
062, electronics
063, LawnAndGarden
064, LawnAndGarden
065, electronics
066, coates
067, dresses
068, jackets
069, LawnAndGarden
070, dresses
071, jackets
072, coates
073, jackets
074, dresses
075, LawnAndGarden
076, coates
077, LawnAndGarden
078, coates
079, dresses
080, electronics
081, electronics
082, jackets
083, electronics
084, dresses
085, electronics
086, LawnAndGarden
087, jackets
088, jackets
089, coates
090, LawnAndGarden
091, dresses
092, shoes
093, shoes
094, LawnAndGarden
095, dresses
096, dresses
097, LawnAndGarden
098, electronics
099, jackets
100, jackets
101, shoes
102, shoes
103, coates
104, dresses
105, shoes
106, shoes
107, dresses
108, dresses
109, jackets
110, shoes
111, dresses
112, dresses
113, dresses
114, jackets
115, LawnAndGarden
116, LawnAndGarden
117, electronics
118, coates
119, shoes
120, jackets
121, LawnAndGarden
122, jackets
123, coates
124, dresses
125, jackets
126, jackets
127, LawnAndGarden
128, jackets
129, LawnAndGarden
130, LawnAndGarden
131, jackets
132, jackets
133, electronics
134, electronics
135, shoes
136, jackets
137, coates
138, electronics
139, coates
140, coates
141, shoes
142, jackets
143, coates
144, LawnAndGarden
145, shoes
146, jackets
147, jackets
148, coates
149, shoes
150, jackets
151, electronics
152, dresses
153, shoes
154, LawnAndGarden
155, electronics
156, LawnAndGarden
157, jackets
158, dresses
159, dresses
160, jackets
161, electronics
162, electronics
163, shoes
164, dresses
165, jackets
166, coates
167, dresses
168, LawnAndGarden
169, LawnAndGarden
170, electronics
171, coates
172, jackets
173, electronics
174, jackets
175, LawnAndGarden
176, LawnAndGarden
177, jackets
178, coates
179, jackets
180, electronics
181, electronics
182, jackets
183, dresses
184, LawnAndGarden
185, electronics
186, jackets
187, LawnAndGarden
188, dresses
189, LawnAndGarden
190, LawnAndGarden
191, LawnAndGarden
192, shoes
193, shoes
194, electronics
195, coates
196, jackets
197, electronics
198, LawnAndGarden
199, dresses
200, jackets
201, electronics
202, jackets
203, jackets
204, jackets
205, dresses
206, electronics
207, jackets
208, coates
209, electronics
210, coates
211, electronics
212, shoes
213, LawnAndGarden
214, dresses
215, coates
216, dresses
217, LawnAndGarden
218, electronics
219, LawnAndGarden
220, shoes
221, LawnAndGarden
222, dresses
223, dresses
224, shoes
225, dresses
226, dresses
227, shoes
228, dresses
229, coates
230, coates
231, jackets
232, electronics
233, LawnAndGarden
234, electronics
235, jackets
236, LawnAndGarden
237, dresses
238, electronics
239, coates
240, electronics
241, LawnAndGarden
242, coates
243, LawnAndGarden
244, LawnAndGarden
245, LawnAndGarden
246, electronics
247, jackets
248, coates
249, shoes
250, jackets
251, electronics
252, shoes
253, dresses
254, jackets
255, electronics
256, shoes
257, shoes
258, dresses
259, LawnAndGarden
260, electronics
261, dresses
262, dresses
263, shoes
264, shoes
265, LawnAndGarden
266, LawnAndGarden
267, dresses
268, coates
269, coates
270, LawnAndGarden
271, coates
272, electronics
273, jackets
274, dresses
275, coates
276, electronics
277, dresses
278, shoes
279, coates
280, dresses
281, electronics
282, shoes
283, dresses
284, dresses
285, electronics
286, electronics
287, jackets
288, shoes
289, jackets
290, jackets
291, LawnAndGarden
292, dresses
293, LawnAndGarden
294, dresses
295, electronics
296, dresses
297, dresses
298, shoes
299, LawnAndGarden
300, coates
301, dresses
302, jackets
303, coates
304, electronics
305, jackets
306, LawnAndGarden
307, electronics
308, jackets
309, electronics
310, electronics
311, jackets
312, jackets
313, jackets
314, LawnAndGarden
315, jackets
316, electronics
317, jackets
318, LawnAndGarden
319, electronics
320, shoes
321, dresses
322, LawnAndGarden
323, jackets
324, dresses
325, dresses
326, jackets
327, electronics
328, shoes
329, coates
330, dresses
331, jackets
332, electronics
333, electronics
334, jackets
335, jackets
336, dresses
337, jackets
338, dresses
339, jackets
340, jackets
341, dresses
342, jackets
343, electronics
344, shoes
345, jackets
346, coates
347, coates
348, dresses
349, LawnAndGarden
350, dresses
351, electronics
352, dresses
353, electronics
354, LawnAndGarden
355, shoes
356, electronics
357, dresses
358, LawnAndGarden
359, dresses
360, dresses
361, LawnAndGarden
362, shoes
363, shoes
364, LawnAndGarden
365, LawnAndGarden
366, coates
367, LawnAndGarden
368, shoes
369, LawnAndGarden
370, electronics
371, dresses
372, dresses
373, electronics
374, LawnAndGarden
375, coates
376, dresses
377, shoes
378, dresses
379, jackets
380, shoes
381, dresses
382, LawnAndGarden
383, shoes
384, dresses
385, dresses
386, LawnAndGarden
387, jackets
388, electronics
389, coates
390, dresses
391, jackets
392, electronics
393, LawnAndGarden
394, dresses
395, dresses
396, dresses
397, dresses
398, LawnAndGarden
399, jackets
400, LawnAndGarden
401, LawnAndGarden
402, electronics
403, jackets
404, dresses
405, jackets
406, jackets
407, shoes
408, electronics
409, dresses
410, LawnAndGarden
411, electronics
412, jackets
413, LawnAndGarden
414, dresses
415, jackets
416, dresses
417, jackets
418, electronics
419, shoes
420, dresses
421, jackets
422, electronics
423, coates
424, shoes
425, electronics
426, coates
427, dresses
428, coates
429, jackets
430, dresses
431, LawnAndGarden
432, shoes
433, jackets
434, coates
435, electronics
436, electronics
437, coates
438, coates
439, dresses
440, jackets
441, shoes
442, electronics
443, jackets
444, jackets
445, dresses
446, coates
447, jackets
448, coates
449, LawnAndGarden
450, dresses
451, dresses
452, electronics
453, dresses
454, coates
455, jackets
456, electronics
457, coates
458, dresses
459, electronics
460, dresses
461, dresses
462, LawnAndGarden
463, electronics
464, electronics
465, dresses
466, LawnAndGarden
467, shoes
468, jackets
469, coates
470, electronics
471, jackets
472, LawnAndGarden
473, dresses
474, coates
475, shoes
476, electronics
477, shoes
478, electronics
479, LawnAndGarden
480, dresses
481, electronics
482, dresses
483, LawnAndGarden
484, coates
485, jackets
486, jackets
487, dresses
488, electronics
489, LawnAndGarden
490, LawnAndGarden
491, electronics
492, electronics
493, electronics
494, LawnAndGarden
495, electronics
496, dresses
497, jackets
498, dresses
499, electronics
500, coates
501, coates
502, LawnAndGarden
503, jackets
504, dresses
505, electronics
506, shoes
507, jackets
508, jackets
509, coates
510, jackets
511, dresses
512, jackets
513, electronics
514, jackets
515, jackets
516, shoes
517, dresses
518, coates
519, LawnAndGarden
520, dresses
521, shoes
522, electronics
523, coates
524, coates
525, electronics
526, jackets
527, electronics
528, jackets
529, LawnAndGarden
530, dresses
531, dresses
532, shoes
533, electronics
534, jackets
535, shoes
536, dresses
537, shoes
538, LawnAndGarden
539, coates
540, coates
541, jackets
542, jackets
543, electronics
544, shoes
545, electronics
546, electronics
547, LawnAndGarden
548, shoes
549, shoes
550, coates
551, electronics
552, electronics
553, LawnAndGarden
554, jackets
555, LawnAndGarden
556, electronics
557, dresses
558, jackets
559, LawnAndGarden
560, shoes
561, LawnAndGarden
562, dresses
563, dresses
564, coates
565, shoes
566, electronics
567, jackets
568, dresses
569, jackets
570, dresses
571, coates
572, electronics
573, dresses
574, electronics
575, coates
576, shoes
577, jackets
578, dresses
579, electronics
580, jackets
581, dresses
582, jackets
583, jackets
584, jackets
585, electronics
586, electronics
587, dresses
588, electronics
589, dresses
590, electronics
591, shoes
592, jackets
593, LawnAndGarden
594, shoes
595, LawnAndGarden
596, jackets
597, jackets
598, jackets
599, shoes
600, LawnAndGarden
601, coates
602, dresses
603, jackets
604, dresses
605, dresses
606, jackets
607, coates
608, jackets
609, dresses
610, shoes
611, coates
612, electronics
613, jackets
614, jackets
615, LawnAndGarden
616, LawnAndGarden
617, electronics
618, jackets
619, coates
620, coates
621, dresses
622, dresses
623, dresses
624, electronics
625, dresses
626, LawnAndGarden
627, coates
628, shoes
629, jackets
630, dresses
631, dresses
632, electronics
633, shoes
634, electronics
635, coates
636, LawnAndGarden
637, jackets
638, dresses
639, LawnAndGarden
640, electronics
641, LawnAndGarden
642, jackets
643, shoes
644, LawnAndGarden
645, LawnAndGarden
646, jackets
647, jackets
648, dresses
649, LawnAndGarden
650, electronics
651, jackets
652, jackets
653, dresses
654, LawnAndGarden
655, dresses
656, dresses
657, LawnAndGarden
658, dresses
659, LawnAndGarden
660, shoes
661, jackets
662, LawnAndGarden
663, jackets
664, coates
665, dresses
666, coates
667, coates
668, dresses
669, shoes
670, electronics
671, coates
672, coates
673, electronics
674, jackets
675, dresses
676, LawnAndGarden
677, shoes
678, dresses
679, electronics
680, jackets
681, LawnAndGarden
682, dresses
683, dresses
684, dresses
685, dresses
686, LawnAndGarden
687, dresses
688, jackets
689, LawnAndGarden
690, electronics
691, electronics
692, LawnAndGarden
693, coates
694, LawnAndGarden
695, electronics
696, shoes
697, jackets
698, LawnAndGarden
699, jackets
700, LawnAndGarden
701, jackets
702, jackets
703, LawnAndGarden
704, shoes
705, LawnAndGarden
706, electronics
707, coates
708, LawnAndGarden
709, electronics
710, jackets
711, jackets
712, dresses
713, LawnAndGarden
714, coates
715, jackets
716, LawnAndGarden
717, electronics
718, LawnAndGarden
719, LawnAndGarden
720, electronics
721, coates
722, coates
723, electronics
724, LawnAndGarden
725, electronics
726, electronics
727, jackets
728, electronics
729, LawnAndGarden
730, shoes
731, shoes
732, shoes
733, electronics
734, LawnAndGarden
735, LawnAndGarden
736, LawnAndGarden
737, shoes
738, shoes
739, LawnAndGarden
740, electronics
741, shoes
742, shoes
743, dresses
744, jackets
745, shoes
746, LawnAndGarden
747, jackets
748, jackets
749, dresses
750, jackets
751, dresses
752, coates
753, electronics
754, jackets
755, electronics
756, LawnAndGarden
757, jackets
758, jackets
759, electronics
760, jackets
761, shoes
762, electronics
763, jackets
764, dresses
765, dresses
766, dresses
767, coates
768, dresses
769, shoes
770, jackets
771, jackets
772, coates
773, LawnAndGarden
774, dresses
775, dresses
776, dresses
777, electronics
778, dresses
779, jackets
780, coates
781, LawnAndGarden
782, jackets
783, dresses
784, LawnAndGarden
785, shoes
786, LawnAndGarden
787, dresses
788, LawnAndGarden
789, LawnAndGarden
790, shoes
791, electronics
792, dresses
793, electronics
794, coates
795, shoes
796, LawnAndGarden
797, electronics
798, electronics
799, LawnAndGarden
800, electronics
801, coates
802, jackets
803, LawnAndGarden
804, coates
805, electronics
806, coates
807, electronics
808, dresses
809, LawnAndGarden
810, shoes
811, jackets
812, dresses
813, LawnAndGarden
814, LawnAndGarden
815, LawnAndGarden
816, jackets
817, LawnAndGarden
818, LawnAndGarden
819, LawnAndGarden
820, LawnAndGarden
821, electronics
822, dresses
823, electronics
824, dresses
825, jackets
826, coates
827, LawnAndGarden
828, dresses
829, coates
830, dresses
831, coates
832, dresses
833, jackets
834, shoes
835, dresses
836, dresses
837, dresses
838, LawnAndGarden
839, coates
840, dresses
841, coates
842, dresses
843, coates
844, shoes
845, shoes
846, jackets
847, LawnAndGarden
848, jackets
849, jackets
850, dresses
851, jackets
852, shoes
853, LawnAndGarden
854, electronics
855, jackets
856, jackets
857, dresses
858, electronics
859, electronics
860, dresses
861, jackets
862, dresses
863, coates
864, LawnAndGarden
865, electronics
866, dresses
867, LawnAndGarden
868, LawnAndGarden
869, dresses
870, electronics
871, dresses
872, coates
873, LawnAndGarden
874, shoes
875, jackets
876, electronics
877, electronics
878, dresses
879, shoes
880, jackets
881, electronics
882, dresses
883, dresses
884, dresses
885, electronics
886, dresses
887, jackets
888, jackets
889, jackets
890, electronics
891, dresses
892, shoes
893, shoes
894, jackets
895, jackets
896, electronics
897, dresses
898, shoes
899, jackets
900, jackets
901, electronics
902, dresses
903, jackets
904, jackets
905, dresses
906, coates
907, dresses
908, coates
909, electronics
910, coates
911, coates
912, LawnAndGarden
913, electronics
914, electronics
915, electronics
916, shoes
917, dresses
918, LawnAndGarden
919, dresses
920, coates
921, electronics
922, electronics
923, coates
924, electronics
925, dresses
926, dresses
927, LawnAndGarden
928, jackets
929, jackets
930, coates
931, coates
932, electronics
933, electronics
934, jackets
935, electronics
936, dresses
937, LawnAndGarden
938, electronics
939, dresses
940, coates
941, LawnAndGarden
942, electronics
943, dresses
944, dresses
945, LawnAndGarden
946, dresses
947, shoes
948, dresses
949, dresses
950, coates
951, dresses
952, LawnAndGarden
953, LawnAndGarden
954, LawnAndGarden
955, jackets
956, dresses
957, jackets
958, electronics
959, LawnAndGarden
960, coates
961, dresses
962, LawnAndGarden
963, jackets
964, dresses
965, shoes
966, electronics
967, dresses
968, dresses
969, dresses
970, jackets
971, shoes
972, dresses
973, dresses
974, jackets
975, jackets
976, electronics
977, LawnAndGarden
978, dresses
979, jackets
980, dresses
981, dresses
982, coates
983, dresses
984, dresses
985, electronics
986, dresses
987, LawnAndGarden
988, electronics
989, jackets
990, jackets
991, jackets
992, electronics
993, jackets
994, electronics
995, jackets
996, LawnAndGarden
997, electronics
998, jackets
000, LawnAndGarden
001, electronics
002, shoes
003, electronics
004, jackets
005, electronics
006, dresses
007, coates
008, jackets
009, electronics
010, jackets
011, electronics
012, jackets
013, dresses
014, LawnAndGarden
015, LawnAndGarden
016, LawnAndGarden
017, electronics
018, LawnAndGarden
019, LawnAndGarden
020, jackets
021, LawnAndGarden
022, jackets
023, coates
024, dresses
025, dresses
026, LawnAndGarden
027, electronics
028, LawnAndGarden
029, jackets
030, dresses
031, electronics
032, LawnAndGarden
033, shoes
034, electronics
035, electronics
036, jackets
037, coates
038, jackets
039, shoes
040, shoes
041, LawnAndGarden
042, LawnAndGarden
043, jackets
044, coates
045, electronics
046, dresses
047, electronics
048, dresses
049, LawnAndGarden
050, dresses
051, coates
052, dresses
053, LawnAndGarden
054, dresses
055, jackets
056, dresses
057, coates
058, jackets
059, jackets
060, shoes
061, dresses
062, shoes
063, shoes
064, shoes
065, dresses
066, electronics
067, LawnAndGarden
068, jackets
069, jackets
070, LawnAndGarden
071, coates
072, coates
073, jackets
074, jackets
075, dresses
076, shoes
077, LawnAndGarden
078, shoes
079, shoes
080, electronics
081, jackets
082, LawnAndGarden
083, dresses
084, electronics
085, electronics
086, dresses
087, LawnAndGarden
088, dresses
089, dresses
090, shoes
091, electronics
092, electronics
093, jackets
094, jackets
095, electronics
096, shoes
097, dresses
098, electronics
099, electronics
100, jackets
101, dresses
102, LawnAndGarden
103, dresses
104, electronics
105, jackets
106, shoes
107, shoes
108, dresses
109, shoes
110, dresses
111, dresses
112, electronics
113, coates
114, jackets
115, electronics
116, dresses
117, LawnAndGarden
118, electronics
119, electronics
120, dresses
121, jackets
122, shoes
123, dresses
124, jackets
125, electronics
126, dresses
127, dresses
128, jackets
129, coates
130, electronics
131, jackets
132, LawnAndGarden
133, dresses
134, coates
135, coates
136, electronics
137, coates
138, coates
139, jackets
140, shoes
141, shoes
142, coates
143, LawnAndGarden
144, jackets
145, dresses
146, electronics
147, dresses
148, coates
149, coates
150, coates
151, LawnAndGarden
152, jackets
153, shoes
154, electronics
155, LawnAndGarden
156, jackets
157, electronics
158, dresses
159, electronics
160, dresses
161, jackets
162, LawnAndGarden
163, electronics
164, electronics
165, LawnAndGarden
166, coates
167, LawnAndGarden
168, shoes
169, dresses
170, electronics
171, electronics
172, LawnAndGarden
173, dresses
174, shoes
175, coates
176, LawnAndGarden
177, electronics
178, jackets
179, dresses
180, electronics
181, coates
182, dresses
183, shoes
184, dresses
185, electronics
186, dresses
187, dresses
188, jackets
189, LawnAndGarden
190, coates
191, shoes
192, dresses
193, jackets
194, electronics
195, electronics
196, coates
197, dresses
198, jackets
199, LawnAndGarden
200, dresses
201, electronics
202, shoes
203, electronics
204, LawnAndGarden
205, dresses
206, coates
207, jackets
208, jackets
209, LawnAndGarden
210, LawnAndGarden
211, LawnAndGarden
212, dresses
213, jackets
214, coates
215, coates
216, shoes
217, electronics
218, dresses
219, jackets
220, jackets
221, jackets
222, dresses
223, coates
224, jackets
225, jackets
226, electronics
227, coates
228, LawnAndGarden
229, dresses
230, coates
231, electronics
232, shoes
233, shoes
234, dresses
235, electronics
236, jackets
237, dresses
238, electronics
239, shoes
240, jackets
241, coates
242, LawnAndGarden
243, jackets
244, dresses
245, electronics
246, dresses
247, dresses
248, jackets
249, electronics
250, dresses
251, electronics
252, LawnAndGarden
253, shoes
254, electronics
255, dresses
256, coates
257, electronics
258, jackets
259, electronics
260, electronics
261, coates
262, electronics
263, jackets
264, dresses
265, jackets
266, dresses
267, jackets
268, dresses
269, electronics
270, dresses
271, shoes
272, shoes
273, electronics
274, dresses
275, shoes
276, dresses
277, dresses
278, electronics
279, jackets
280, shoes
281, jackets
282, dresses
283, shoes
284, dresses
285, LawnAndGarden
286, shoes
287, LawnAndGarden
288, electronics
289, shoes
290, jackets
291, LawnAndGarden
292, jackets
293, jackets
294, jackets
295, dresses
296, LawnAndGarden
297, coates
298, dresses
299, coates
300, LawnAndGarden
301, electronics
302, dresses
303, jackets
304, coates
305, shoes
306, shoes
307, electronics
308, LawnAndGarden
309, coates
310, coates
311, coates
312, jackets
313, dresses
314, LawnAndGarden
315, coates
316, dresses
317, shoes
318, LawnAndGarden
319, electronics
320, LawnAndGarden
321, shoes
322, jackets
323, electronics
324, dresses
325, dresses
326, jackets
327, electronics
328, dresses
329, coates
330, shoes
331, coates
332, LawnAndGarden
333, dresses
334, dresses
335, LawnAndGarden
336, shoes
337, dresses
338, LawnAndGarden
339, dresses
340, coates
341, jackets
342, shoes
343, shoes
344, electronics
345, electronics
346, jackets
347, LawnAndGarden
348, dresses
349, LawnAndGarden
350, LawnAndGarden
351, electronics
352, LawnAndGarden
353, jackets
354, jackets
355, coates
356, jackets
357, jackets
358, jackets
359, electronics
360, LawnAndGarden
361, LawnAndGarden
362, LawnAndGarden
363, LawnAndGarden
364, LawnAndGarden
365, jackets
366, coates
367, electronics
368, electronics
369, LawnAndGarden
370, LawnAndGarden
371, LawnAndGarden
372, jackets
373, jackets
374, jackets
375, dresses
376, shoes
377, LawnAndGarden
378, LawnAndGarden
379, jackets
380, dresses
381, coates
382, dresses
383, electronics
384, jackets
385, dresses
386, LawnAndGarden
387, electronics
388, LawnAndGarden
389, jackets
390, LawnAndGarden
391, jackets
392, shoes
393, jackets
394, electronics
395, LawnAndGarden
396, jackets
397, jackets
398, jackets
399, electronics
400, shoes
401, dresses
402, LawnAndGarden
403, electronics
404, jackets
405, electronics
406, jackets
407, jackets
408, shoes
409, jackets
410, LawnAndGarden
411, dresses
412, jackets
413, shoes
414, jackets
415, LawnAndGarden
416, dresses
417, electronics
418, dresses
419, LawnAndGarden
420, LawnAndGarden
421, dresses
422, LawnAndGarden
423, electronics
424, shoes
425, LawnAndGarden
426, electronics
427, electronics
428, shoes
429, jackets
430, coates
431, electronics
432, jackets
433, jackets
434, jackets
435, electronics
436, electronics
437, electronics
438, electronics
439, jackets
440, LawnAndGarden
441, LawnAndGarden
442, jackets
443, electronics
444, jackets
445, electronics
446, shoes
447, jackets
448, shoes
449, LawnAndGarden
450, jackets
451, dresses
452, jackets
453, electronics
454, dresses
455, electronics
456, LawnAndGarden
457, electronics
458, shoes
459, coates
460, coates
461, LawnAndGarden
462, shoes
463, LawnAndGarden
464, jackets
465, dresses
466, jackets
467, coates
468, electronics
469, LawnAndGarden
470, coates
471, LawnAndGarden
472, jackets
473, jackets
474, electronics
475, jackets
476, jackets
477, shoes
478, electronics
479, shoes
480, LawnAndGarden
481, jackets
482, LawnAndGarden
483, electronics
484, LawnAndGarden
485, shoes
486, electronics
487, coates
488, electronics
489, coates
490, LawnAndGarden
491, LawnAndGarden
492, dresses
493, dresses
494, coates
495, jackets
496, dresses
497, dresses
498, jackets
499, dresses
500, LawnAndGarden
501, shoes
502, dresses
503, coates
504, coates
505, electronics
506, LawnAndGarden
507, jackets
508, jackets
509, coates
510, jackets
511, coates
512, electronics
513, jackets
514, dresses
515, electronics
516, dresses
517, electronics
518, dresses
519, jackets
520, dresses
521, electronics
522, electronics
523, electronics
524, LawnAndGarden
525, dresses
526, LawnAndGarden
527, electronics
528, dresses
529, coates
530, dresses
531, LawnAndGarden
532, jackets
533, dresses
534, electronics
535, LawnAndGarden
536, LawnAndGarden
537, LawnAndGarden
538, LawnAndGarden
539, shoes
540, dresses
541, jackets
542, shoes
543, jackets
544, LawnAndGarden
545, coates
546, LawnAndGarden
547, electronics
548, dresses
549, coates
550, dresses
551, dresses
552, electronics
553, electronics
554, jackets
555, shoes
556, LawnAndGarden
557, LawnAndGarden
558, dresses
559, dresses
560, dresses
561, shoes
562, jackets
563, dresses
564, jackets
565, LawnAndGarden
566, dresses
567, electronics
568, LawnAndGarden
569, electronics
570, shoes
571, electronics
572, jackets
573, dresses
574, electronics
575, electronics
576, coates
577, jackets
578, LawnAndGarden
579, dresses
580, dresses
581, jackets
582, dresses
583, jackets
584, jackets
585, jackets
586, coates
587, dresses
588, coates
589, shoes
590, shoes
591, dresses
592, electronics
593, jackets
594, LawnAndGarden
595, jackets
596, dresses
597, jackets
598, LawnAndGarden
599, dresses
600, LawnAndGarden
601, electronics
602, LawnAndGarden
603, LawnAndGarden
604, dresses
605, dresses
606, jackets
607, electronics
608, LawnAndGarden
609, electronics
610, jackets
611, coates
612, shoes
613, dresses
614, shoes
615, dresses
616, electronics
617, dresses
618, electronics
619, electronics
620, LawnAndGarden
621, shoes
622, jackets
623, dresses
624, shoes
625, jackets
626, jackets
627, jackets
628, coates
629, dresses
630, electronics
631, jackets
632, dresses
633, coates
634, LawnAndGarden
635, electronics
636, LawnAndGarden
637, LawnAndGarden
638, jackets
639, dresses
640, dresses
641, electronics
642, dresses
643, LawnAndGarden
644, dresses
645, jackets
646, shoes
647, LawnAndGarden
648, jackets
649, electronics
650, dresses
651, jackets
652, jackets
653, LawnAndGarden
654, electronics
655, coates
656, electronics
657, coates
658, jackets
659, jackets
660, LawnAndGarden
661, LawnAndGarden
662, dresses
663, coates
664, LawnAndGarden
665, shoes
666, dresses
667, electronics
668, shoes
669, electronics
670, jackets
671, electronics
672, dresses
673, jackets
674, jackets
675, coates
676, LawnAndGarden
677, LawnAndGarden
678, LawnAndGarden
679, electronics
680, LawnAndGarden
681, LawnAndGarden
682, dresses
683, electronics
684, LawnAndGarden
685, dresses
686, jackets
687, electronics
688, LawnAndGarden
689, electronics
690, electronics
691, coates
692, electronics
693, shoes
694, LawnAndGarden
695, coates
696, dresses
697, coates
698, jackets
699, electronics
700, jackets
701, dresses
702, dresses
703, coates
704, shoes
705, shoes
706, dresses
707, LawnAndGarden
708, jackets
709, dresses
710, jackets
711, shoes
712, LawnAndGarden
713, dresses
714, jackets
715, jackets
716, dresses
717, dresses
718, dresses
719, dresses
720, LawnAndGarden
721, coates
722, shoes
723, dresses
724, dresses
725, electronics
726, LawnAndGarden
727, dresses
728, electronics
729, LawnAndGarden
730, LawnAndGarden
731, dresses
732, shoes
733, coates
734, shoes
735, electronics
736, jackets
737, electronics
738, shoes
739, electronics
740, LawnAndGarden
741, dresses
742, jackets
743, jackets
744, dresses
745, shoes
746, jackets
747, coates
748, electronics
749, jackets
750, dresses
751, dresses
752, jackets
753, jackets
754, electronics
755, dresses
756, electronics
757, dresses
758, dresses
759, dresses
760, dresses
761, dresses
762, electronics
763, dresses
764, LawnAndGarden
765, electronics
766, dresses
767, shoes
768, LawnAndGarden
769, electronics
770, dresses
771, LawnAndGarden
772, electronics
773, jackets
774, jackets
775, coates
776, coates
777, electronics
778, jackets
779, jackets
780, coates
781, LawnAndGarden
782, jackets
783, electronics
784, coates
785, dresses
786, LawnAndGarden
787, dresses
788, shoes
789, jackets
790, dresses
791, dresses
792, jackets
793, jackets
794, jackets
795, dresses
796, jackets
797, electronics
798, coates
799, LawnAndGarden
800, shoes
801, electronics
802, shoes
803, coates
804, jackets
805, electronics
806, electronics
807, electronics
808, jackets
809, dresses
810, coates
811, LawnAndGarden
812, electronics
813, dresses
814, electronics
815, coates
816, electronics
817, electronics
818, LawnAndGarden
819, shoes
820, LawnAndGarden
821, jackets
822, LawnAndGarden
823, dresses
824, jackets
825, dresses
826, LawnAndGarden
827, dresses
828, jackets
829, electronics
830, electronics
831, dresses
832, shoes
833, electronics
834, jackets
835, LawnAndGarden
836, dresses
837, jackets
838, dresses
839, electronics
840, electronics
841, jackets
842, shoes
843, jackets
844, dresses
845, shoes
846, shoes
847, electronics
848, shoes
849, electronics
850, dresses
851, electronics
852, dresses
853, dresses
854, LawnAndGarden
855, electronics
856, electronics
857, LawnAndGarden
858, LawnAndGarden
859, electronics
860, coates
861, shoes
862, coates
863, jackets
864, electronics
865, dresses
866, electronics
867, LawnAndGarden
868, electronics
869, LawnAndGarden
870, electronics
871, dresses
872, LawnAndGarden
873, dresses
874, electronics
875, dresses
876, jackets
877, coates
878, electronics
879, jackets
880, electronics
881, LawnAndGarden
882, jackets
883, jackets
884, shoes
885, LawnAndGarden
886, jackets
887, dresses
888, coates
889, jackets
890, LawnAndGarden
891, electronics
892, LawnAndGarden
893, dresses
894, jackets
895, dresses
896, shoes
897, electronics
898, jackets
899, electronics
900, electronics
901, dresses
902, LawnAndGarden
903, electronics
904, jackets
905, LawnAndGarden
906, coates
907, electronics
908, jackets
909, coates
910, electronics
911, jackets
912, jackets
913, electronics
914, shoes
915, jackets
916, dresses
917, jackets
918, coates
919, shoes
920, electronics
921, dresses
922, dresses
923, dresses
924, jackets
925, dresses
926, jackets
927, electronics
928, electronics
929, dresses
930, coates
931, shoes
932, electronics
933, dresses
934, jackets
935, dresses
936, LawnAndGarden
937, jackets
938, jackets
939, shoes
940, shoes
941, jackets
942, dresses
943, coates
944, dresses
945, electronics
946, electronics
947, dresses
948, shoes
949, electronics
950, dresses
951, coates
952, LawnAndGarden
953, dresses
954, LawnAndGarden
955, jackets
956, jackets
957, jackets
958, jackets
959, shoes
960, electronics
961, LawnAndGarden
962, coates
963, electronics
964, dresses
965, dresses
966, electronics
967, electronics
968, dresses
969, shoes
970, coates
971, jackets
972, jackets
973, shoes
974, shoes
975, electronics
976, LawnAndGarden
977, LawnAndGarden
978, coates
979, jackets
980, electronics
981, jackets
982, shoes
983, electronics
984, jackets
985, jackets
986, LawnAndGarden
987, jackets
988, LawnAndGarden
989, dresses
990, dresses
991, LawnAndGarden
992, coates
993, electronics
994, dresses
995, jackets
996, jackets
997, shoes
998, shoes
000, jackets
001, shoes
002, electronics
003, coates
004, dresses
005, shoes
006, jackets
007, jackets
008, coates
009, jackets
010, jackets
011, electronics
012, jackets
013, LawnAndGarden
014, shoes
015, shoes
016, LawnAndGarden
017, dresses
018, dresses
019, jackets
020, LawnAndGarden
021, dresses
022, LawnAndGarden
023, coates
024, shoes
025, coates
026, LawnAndGarden
027, coates
028, dresses
029, dresses
030, coates
031, electronics
032, shoes
033, coates
034, shoes
035, shoes
036, dresses
037, coates
038, coates
039, coates
040, dresses
041, shoes
042, coates
043, shoes
044, jackets
045, LawnAndGarden
046, LawnAndGarden
047, LawnAndGarden
048, coates
049, coates
050, dresses
051, electronics
052, dresses
053, jackets
054, jackets
055, jackets
056, coates
057, coates
058, dresses
059, dresses
060, coates
061, dresses
062, dresses
063, dresses
064, jackets
065, shoes
066, jackets
067, dresses
068, jackets
069, dresses
070, LawnAndGarden
071, shoes
072, coates
073, coates
074, jackets
075, dresses
076, shoes
077, LawnAndGarden
078, dresses
079, LawnAndGarden
080, jackets
081, LawnAndGarden
082, coates
083, jackets
084, coates
085, coates
086, dresses
087, electronics
088, coates
089, coates
090, jackets
091, LawnAndGarden
092, shoes
093, coates
094, dresses
095, LawnAndGarden
096, dresses
097, jackets
098, coates
099, coates
100, dresses
101, electronics
102, electronics
103, jackets
104, electronics
105, dresses
106, jackets
107, electronics
108, coates
109, jackets
110, electronics
111, LawnAndGarden
112, jackets
113, LawnAndGarden
114, coates
115, LawnAndGarden
116, jackets
117, coates
118, dresses
119, LawnAndGarden
120, shoes
121, coates
122, coates
123, coates
124, coates
125, electronics
126, dresses
127, dresses
128, shoes
129, LawnAndGarden
130, dresses
131, shoes
132, coates
133, LawnAndGarden
134, LawnAndGarden
135, electronics
136, jackets
137, jackets
138, dresses
139, LawnAndGarden
140, dresses
141, coates
142, jackets
143, shoes
144, coates
145, electronics
146, LawnAndGarden
147, jackets
148, coates
149, jackets
150, jackets
151, shoes
152, electronics
153, coates
154, electronics
155, dresses
156, dresses
157, shoes
158, dresses
159, shoes
160, jackets
161, electronics
162, coates
163, LawnAndGarden
164, jackets
165, jackets
166, jackets
167, dresses
168, electronics
169, coates
170, jackets
171, LawnAndGarden
172, electronics
173, coates
174, LawnAndGarden
175, LawnAndGarden
176, coates
177, dresses
178, electronics
179, coates
180, dresses
181, LawnAndGarden
182, dresses
183, dresses
184, electronics
185, shoes
186, electronics
187, LawnAndGarden
188, shoes
189, coates
190, dresses
191, coates
192, electronics
193, LawnAndGarden
194, dresses
195, shoes
196, coates
197, coates
198, coates
199, coates
200, LawnAndGarden
201, dresses
202, LawnAndGarden
203, jackets
204, LawnAndGarden
205, jackets
206, coates
207, coates
208, coates
209, electronics
210, electronics
211, LawnAndGarden
212, dresses
213, coates
214, shoes
215, LawnAndGarden
216, coates
217, electronics
218, electronics
219, jackets
220, LawnAndGarden
221, jackets
222, electronics
223, jackets
224, LawnAndGarden
225, shoes
226, coates
227, shoes
228, coates
229, LawnAndGarden
230, coates
231, electronics
232, LawnAndGarden
233, dresses
234, LawnAndGarden
235, LawnAndGarden
236, LawnAndGarden
237, shoes
238, dresses
239, LawnAndGarden
240, LawnAndGarden
241, coates
242, LawnAndGarden
243, shoes
244, coates
245, dresses
246, LawnAndGarden
247, jackets
248, dresses
249, jackets
250, dresses
251, shoes
252, dresses
253, LawnAndGarden
254, electronics
255, coates
256, coates
257, jackets
258, LawnAndGarden
259, coates
260, dresses
261, LawnAndGarden
262, LawnAndGarden
263, coates
264, dresses
265, coates
266, jackets
267, LawnAndGarden
268, jackets
269, LawnAndGarden
270, dresses
271, coates
272, dresses
273, dresses
274, jackets
275, LawnAndGarden
276, shoes
277, coates
278, dresses
279, shoes
280, jackets
281, dresses
282, LawnAndGarden
283, jackets
284, dresses
285, jackets
286, LawnAndGarden
287, jackets
288, coates
289, electronics
290, coates
291, jackets
292, shoes
293, jackets
294, dresses
295, jackets
296, dresses
297, shoes
298, shoes
299, dresses
300, jackets
301, dresses
302, coates
303, shoes
304, dresses
305, coates
306, coates
307, shoes
308, coates
309, electronics
310, electronics
311, coates
312, LawnAndGarden
313, shoes
314, coates
315, coates
316, coates
317, LawnAndGarden
318, coates
319, dresses
320, dresses
321, LawnAndGarden
322, dresses
323, dresses
324, shoes
325, dresses
326, electronics
327, electronics
328, shoes
329, dresses
330, coates
331, LawnAndGarden
332, LawnAndGarden
333, dresses
334, coates
335, shoes
336, shoes
337, electronics
338, electronics
339, LawnAndGarden
340, electronics
341, jackets
342, electronics
343, jackets
344, coates
345, coates
346, LawnAndGarden
347, jackets
348, electronics
349, jackets
350, electronics
351, coates
352, LawnAndGarden
353, dresses
354, jackets
355, electronics
356, LawnAndGarden
357, electronics
358, coates
359, LawnAndGarden
360, dresses
361, coates
362, shoes
363, dresses
364, dresses
365, LawnAndGarden
366, electronics
367, dresses
368, dresses
369, dresses
370, dresses
371, coates
372, LawnAndGarden
373, jackets
374, LawnAndGarden
375, coates
376, jackets
377, dresses
378, electronics
379, dresses
380, dresses
381, LawnAndGarden
382, coates
383, jackets
384, LawnAndGarden
385, electronics
386, jackets
387, LawnAndGarden
388, dresses
389, electronics
390, dresses
391, LawnAndGarden
392, dresses
393, jackets
394, jackets
395, jackets
396, dresses
397, coates
398, shoes
399, shoes
400, jackets
401, jackets
402, dresses
403, electronics
404, jackets
405, electronics
406, LawnAndGarden
407, LawnAndGarden
408, LawnAndGarden
409, coates
410, LawnAndGarden
411, electronics
412, coates
413, shoes
414, electronics
415, coates
416, jackets
417, shoes
418, dresses
419, dresses
420, dresses
421, LawnAndGarden
422, jackets
423, jackets
424, dresses
425, dresses
426, coates
427, coates
428, jackets
429, coates
430, shoes
431, jackets
432, jackets
433, coates
434, LawnAndGarden
435, coates
436, electronics
437, LawnAndGarden
438, LawnAndGarden
439, coates
440, shoes
441, LawnAndGarden
442, dresses
443, coates
444, coates
445, jackets
446, jackets
447, electronics
448, jackets
449, jackets
450, coates
451, coates
452, electronics
453, electronics
454, jackets
455, LawnAndGarden
456, electronics
457, electronics
458, jackets
459, jackets
460, coates
461, LawnAndGarden
462, LawnAndGarden
463, dresses
464, shoes
465, coates
466, LawnAndGarden
467, dresses
468, coates
469, electronics
470, jackets
471, LawnAndGarden
472, coates
473, jackets
474, shoes
475, electronics
476, jackets
477, dresses
478, dresses
479, shoes
480, dresses
481, LawnAndGarden
482, dresses
483, dresses
484, LawnAndGarden
485, coates
486, shoes
487, LawnAndGarden
488, coates
489, LawnAndGarden
490, LawnAndGarden
491, jackets
492, shoes
493, jackets
494, shoes
495, shoes
496, dresses
497, LawnAndGarden
498, LawnAndGarden
499, jackets
500, electronics
501, LawnAndGarden
502, LawnAndGarden
503, jackets
504, jackets
505, shoes
506, jackets
507, dresses
508, coates
509, jackets
510, coates
511, shoes
512, dresses
513, LawnAndGarden
514, shoes
515, LawnAndGarden
516, dresses
517, coates
518, coates
519, jackets
520, coates
521, coates
522, shoes
523, jackets
524, electronics
525, coates
526, LawnAndGarden
527, dresses
528, electronics
529, dresses
530, jackets
531, LawnAndGarden
532, coates
533, jackets
534, coates
535, coates
536, jackets
537, LawnAndGarden
538, shoes
539, coates
540, shoes
541, dresses
542, LawnAndGarden
543, dresses
544, LawnAndGarden
545, shoes
546, LawnAndGarden
547, shoes
548, jackets
549, coates
550, dresses
551, dresses
552, jackets
553, shoes
554, electronics
555, electronics
556, shoes
557, dresses
558, coates
559, coates
560, jackets
561, LawnAndGarden
562, electronics
563, dresses
564, coates
565, LawnAndGarden
566, jackets
567, jackets
568, jackets
569, dresses
570, jackets
571, jackets
572, shoes
573, coates
574, LawnAndGarden
575, dresses
576, shoes
577, shoes
578, electronics
579, LawnAndGarden
580, electronics
581, coates
582, shoes
583, jackets
584, dresses
585, electronics
586, jackets
587, jackets
588, shoes
589, coates
590, coates
591, jackets
592, LawnAndGarden
593, coates
594, coates
595, shoes
596, dresses
597, electronics
598, shoes
599, LawnAndGarden
600, LawnAndGarden
601, electronics
602, jackets
603, coates
604, coates
605, LawnAndGarden
606, jackets
607, jackets
608, coates
609, jackets
610, dresses
611, dresses
612, dresses
613, LawnAndGarden
614, coates
615, coates
616, jackets
617, dresses
618, shoes
619, electronics
620, dresses
621, dresses
622, jackets
623, shoes
624, LawnAndGarden
625, LawnAndGarden
626, LawnAndGarden
627, coates
628, coates
629, dresses
630, jackets
631, jackets
632, shoes
633, LawnAndGarden
634, coates
635, dresses
636, coates
637, coates
638, shoes
639, dresses
640, jackets
641, dresses
642, coates
643, jackets
644, jackets
645, dresses
646, coates
647, shoes
648, LawnAndGarden
649, LawnAndGarden
650, LawnAndGarden
651, shoes
652, LawnAndGarden
653, LawnAndGarden
654, LawnAndGarden
655, jackets
656, shoes
657, dresses
658, dresses
659, coates
660, LawnAndGarden
661, jackets
662, LawnAndGarden
663, LawnAndGarden
664, coates
665, LawnAndGarden
666, dresses
667, coates
668, coates
669, LawnAndGarden
670, coates
671, LawnAndGarden
672, dresses
673, LawnAndGarden
674, coates
675, coates
676, dresses
677, LawnAndGarden
678, coates
679, electronics
680, dresses
681, electronics
682, LawnAndGarden
683, jackets
684, coates
685, coates
686, coates
687, dresses
688, LawnAndGarden
689, electronics
690, jackets
691, dresses
692, jackets
693, jackets
694, jackets
695, LawnAndGarden
696, LawnAndGarden
697, coates
698, coates
699, jackets
700, shoes
701, electronics
702, dresses
703, coates
704, electronics
705, LawnAndGarden
706, coates
707, jackets
708, shoes
709, coates
710, dresses
711, LawnAndGarden
712, LawnAndGarden
713, electronics
714, jackets
715, electronics
716, LawnAndGarden
717, shoes
718, jackets
719, dresses
720, dresses
721, jackets
722, dresses
723, coates
724, jackets
725, coates
726, jackets
727, shoes
728, jackets
729, shoes
730, dresses
731, coates
732, dresses
733, coates
734, coates
735, electronics
736, LawnAndGarden
737, jackets
738, coates
739, jackets
740, jackets
741, jackets
742, electronics
743, jackets
744, shoes
745, jackets
746, coates
747, jackets
748, dresses
749, dresses
750, dresses
751, shoes
752, LawnAndGarden
753, coates
754, jackets
755, jackets
756, coates
757, jackets
758, LawnAndGarden
759, shoes
760, LawnAndGarden
761, dresses
762, electronics
763, electronics
764, coates
765, LawnAndGarden
766, LawnAndGarden
767, LawnAndGarden
768, electronics
769, jackets
770, coates
771, jackets
772, LawnAndGarden
773, jackets
774, jackets
775, shoes
776, LawnAndGarden
777, jackets
778, dresses
779, coates
780, jackets
781, jackets
782, dresses
783, shoes
784, shoes
785, LawnAndGarden
786, LawnAndGarden
787, LawnAndGarden
788, jackets
789, jackets
790, dresses
791, dresses
792, electronics
793, jackets
794, shoes
795, dresses
796, shoes
797, shoes
798, jackets
799, LawnAndGarden
800, dresses
801, dresses
802, dresses
803, electronics
804, jackets
805, dresses
806, dresses
807, jackets
808, coates
809, LawnAndGarden
810, dresses
811, jackets
812, jackets
813, jackets
814, jackets
815, dresses
816, jackets
817, coates
818, dresses
819, coates
820, jackets
821, coates
822, LawnAndGarden
823, jackets
824, jackets
825, jackets
826, dresses
827, jackets
828, coates
829, electronics
830, dresses
831, coates
832, jackets
833, coates
834, jackets
835, LawnAndGarden
836, LawnAndGarden
837, coates
838, coates
839, jackets
840, dresses
841, coates
842, coates
843, coates
844, electronics
845, shoes
846, LawnAndGarden
847, LawnAndGarden
848, shoes
849, jackets
850, shoes
851, LawnAndGarden
852, coates
853, coates
854, shoes
855, electronics
856, jackets
857, coates
858, LawnAndGarden
859, dresses
860, LawnAndGarden
861, dresses
862, electronics
863, electronics
864, coates
865, dresses
866, jackets
867, shoes
868, dresses
869, jackets
870, jackets
871, LawnAndGarden
872, dresses
873, shoes
874, jackets
875, coates
876, LawnAndGarden
877, jackets
878, electronics
879, jackets
880, jackets
881, coates
882, coates
883, jackets
884, coates
885, LawnAndGarden
886, electronics
887, LawnAndGarden
888, shoes
889, dresses
890, coates
891, coates
892, LawnAndGarden
893, coates
894, jackets
895, dresses
896, electronics
897, jackets
898, dresses
899, coates
900, jackets
901, coates
902, dresses
903, coates
904, LawnAndGarden
905, LawnAndGarden
906, coates
907, coates
908, dresses
909, electronics
910, LawnAndGarden
911, LawnAndGarden
912, LawnAndGarden
913, electronics
914, electronics
915, shoes
916, coates
917, LawnAndGarden
918, coates
919, LawnAndGarden
920, LawnAndGarden
921, LawnAndGarden
922, jackets
923, coates
924, jackets
925, coates
926, LawnAndGarden
927, jackets
928, shoes
929, jackets
930, jackets
931, LawnAndGarden
932, jackets
933, LawnAndGarden
934, LawnAndGarden
935, LawnAndGarden
936, electronics
937, coates
938, LawnAndGarden
939, LawnAndGarden
940, electronics
941, shoes
942, jackets
943, LawnAndGarden
944, dresses
945, dresses
946, dresses
947, coates
948, LawnAndGarden
949, jackets
950, dresses
951, coates
952, dresses
953, LawnAndGarden
954, dresses
955, LawnAndGarden
956, electronics
957, dresses
958, shoes
959, LawnAndGarden
960, dresses
961, coates
962, dresses
963, LawnAndGarden
964, coates
965, LawnAndGarden
966, jackets
967, jackets
968, jackets
969, dresses
970, electronics
971, LawnAndGarden
972, shoes
973, coates
974, coates
975, jackets
976, shoes
977, jackets
978, coates
979, dresses
980, coates
981, coates
982, electronics
983, LawnAndGarden
984, coates
985, jackets
986, shoes
987, coates
988, LawnAndGarden
989, dresses
990, coates
991, jackets
992, dresses
993, LawnAndGarden
994, dresses
995, electronics
996, shoes
997, LawnAndGarden
998, dresses
