000, LawnAndGarden
001, coates
002, electronics
003, jackets
004, shoes
005, shoes
006, shoes
007, coates
008, LawnAndGarden
009, dresses
010, shoes
011, LawnAndGarden
012, jackets
013, LawnAndGarden
014, shoes
015, coates
016, shoes
017, dresses
018, dresses
019, coates
020, dresses
021, dresses
022, dresses
023, dresses
024, LawnAndGarden
025, shoes
026, dresses
027, jackets
028, coates
029, shoes
030, LawnAndGarden
031, dresses
032, jackets
033, electronics
034, jackets
035, electronics
036, jackets
037, jackets
038, shoes
039, LawnAndGarden
040, dresses
041, coates
042, dresses
043, jackets
044, dresses
045, electronics
046, coates
047, coates
048, jackets
049, shoes
050, LawnAndGarden
051, coates
052, electronics
053, shoes
054, dresses
055, electronics
056, dresses
057, jackets
058, jackets
059, coates
060, electronics
061, shoes
062, shoes
063, coates
064, coates
065, jackets
066, shoes
067, shoes
068, jackets
069, shoes
070, jackets
071, shoes
072, electronics
073, jackets
074, coates
075, coates
076, LawnAndGarden
077, coates
078, shoes
079, jackets
080, LawnAndGarden
081, dresses
082, dresses
083, coates
084, jackets
085, coates
086, coates
087, electronics
088, coates
089, electronics
090, dresses
091, coates
092, coates
093, jackets
094, dresses
095, jackets
096, coates
097, shoes
098, dresses
099, coates
100, coates
101, shoes
102, shoes
103, electronics
104, dresses
105, dresses
106, coates
107, dresses
108, dresses
109, jackets
110, LawnAndGarden
111, coates
112, coates
113, LawnAndGarden
114, dresses
115, coates
116, dresses
117, electronics
118, electronics
119, electronics
120, coates
121, dresses
122, dresses
123, dresses
124, electronics
125, LawnAndGarden
126, jackets
127, coates
128, coates
129, shoes
130, electronics
131, electronics
132, electronics
133, LawnAndGarden
134, electronics
135, coates
136, jackets
137, electronics
138, jackets
139, LawnAndGarden
140, coates
141, shoes
142, dresses
143, dresses
144, jackets
145, coates
146, dresses
147, dresses
148, jackets
149, coates
150, coates
151, shoes
152, shoes
153, coates
154, jackets
155, coates
156, dresses
157, electronics
158, jackets
159, LawnAndGarden
160, shoes
161, dresses
162, shoes
163, jackets
164, LawnAndGarden
165, LawnAndGarden
166, coates
167, shoes
168, jackets
169, coates
170, jackets
171, dresses
172, jackets
173, dresses
174, jackets
175, jackets
176, dresses
177, coates
178, electronics
179, LawnAndGarden
180, shoes
181, coates
182, shoes
183, shoes
184, shoes
185, shoes
186, jackets
187, jackets
188, jackets
189, dresses
190, shoes
191, shoes
192, electronics
193, jackets
194, jackets
195, jackets
196, coates
197, shoes
198, shoes
199, jackets
200, shoes
201, coates
202, jackets
203, coates
204, LawnAndGarden
205, shoes
206, shoes
207, coates
208, LawnAndGarden
209, dresses
210, coates
211, LawnAndGarden
212, jackets
213, electronics
214, coates
215, coates
216, dresses
217, LawnAndGarden
218, electronics
219, coates
220, shoes
221, LawnAndGarden
222, LawnAndGarden
223, LawnAndGarden
224, jackets
225, coates
226, dresses
227, coates
228, shoes
229, shoes
230, jackets
231, shoes
232, jackets
233, shoes
234, jackets
235, jackets
236, shoes
237, coates
238, jackets
239, shoes
240, shoes
241, jackets
242, shoes
243, shoes
244, coates
245, electronics
246, jackets
247, shoes
248, shoes
249, coates
250, LawnAndGarden
251, jackets
252, coates
253, electronics
254, dresses
255, jackets
256, jackets
257, jackets
258, shoes
259, shoes
260, LawnAndGarden
261, dresses
262, dresses
263, shoes
264, LawnAndGarden
265, jackets
266, shoes
267, jackets
268, shoes
269, coates
270, shoes
271, electronics
272, shoes
273, shoes
274, dresses
275, shoes
276, coates
277, coates
278, dresses
279, electronics
280, dresses
281, jackets
282, jackets
283, coates
284, shoes
285, dresses
286, shoes
287, electronics
288, shoes
289, jackets
290, jackets
291, electronics
292, coates
293, jackets
294, coates
295, LawnAndGarden
296, shoes
297, dresses
298, coates
299, jackets
300, jackets
301, dresses
302, shoes
303, shoes
304, jackets
305, LawnAndGarden
306, dresses
307, dresses
308, coates
309, coates
310, LawnAndGarden
311, dresses
312, jackets
313, dresses
314, coates
315, dresses
316, coates
317, LawnAndGarden
318, dresses
319, coates
320, dresses
321, shoes
322, jackets
323, coates
324, LawnAndGarden
325, dresses
326, coates
327, electronics
328, jackets
329, coates
330, coates
331, coates
332, coates
333, shoes
334, shoes
335, electronics
336, coates
337, electronics
338, jackets
339, dresses
340, LawnAndGarden
341, jackets
342, LawnAndGarden
343, jackets
344, dresses
345, jackets
346, jackets
347, LawnAndGarden
348, jackets
349, dresses
350, shoes
351, shoes
352, shoes
353, shoes
354, dresses
355, electronics
356, coates
357, LawnAndGarden
358, LawnAndGarden
359, LawnAndGarden
360, LawnAndGarden
361, shoes
362, shoes
363, jackets
364, shoes
365, dresses
366, dresses
367, dresses
368, LawnAndGarden
369, electronics
370, electronics
371, coates
372, coates
373, shoes
374, dresses
375, shoes
376, coates
377, electronics
378, coates
379, jackets
380, dresses
381, jackets
382, dresses
383, jackets
384, shoes
385, dresses
386, coates
387, shoes
388, shoes
389, coates
390, dresses
391, dresses
392, shoes
393, coates
394, LawnAndGarden
395, jackets
396, electronics
397, shoes
398, coates
399, jackets
400, LawnAndGarden
401, shoes
402, jackets
403, LawnAndGarden
404, coates
405, electronics
406, coates
407, jackets
408, shoes
409, coates
410, LawnAndGarden
411, LawnAndGarden
412, jackets
413, jackets
414, electronics
415, coates
416, shoes
417, jackets
418, LawnAndGarden
419, jackets
420, coates
421, LawnAndGarden
422, shoes
423, coates
424, coates
425, LawnAndGarden
426, dresses
427, shoes
428, dresses
429, shoes
430, shoes
431, shoes
432, electronics
433, coates
434, jackets
435, dresses
436, LawnAndGarden
437, jackets
438, LawnAndGarden
439, electronics
440, coates
441, LawnAndGarden
442, jackets
443, dresses
444, dresses
445, shoes
446, LawnAndGarden
447, coates
448, dresses
449, dresses
450, electronics
451, shoes
452, jackets
453, dresses
454, shoes
455, jackets
456, dresses
457, dresses
458, LawnAndGarden
459, coates
460, LawnAndGarden
461, jackets
462, dresses
463, shoes
464, LawnAndGarden
465, electronics
466, LawnAndGarden
467, LawnAndGarden
468, LawnAndGarden
469, electronics
470, LawnAndGarden
471, jackets
472, shoes
473, jackets
474, shoes
475, dresses
476, electronics
477, electronics
478, electronics
479, jackets
480, LawnAndGarden
481, coates
482, coates
483, coates
484, dresses
485, coates
486, shoes
487, LawnAndGarden
488, jackets
489, jackets
490, LawnAndGarden
491, electronics
492, dresses
493, dresses
494, jackets
495, electronics
496, dresses
497, shoes
498, coates
499, jackets
500, shoes
501, LawnAndGarden
502, jackets
503, dresses
504, jackets
505, jackets
506, LawnAndGarden
507, jackets
508, shoes
509, dresses
510, LawnAndGarden
511, jackets
512, shoes
513, coates
514, dresses
515, jackets
516, electronics
517, shoes
518, jackets
519, jackets
520, electronics
521, shoes
522, coates
523, jackets
524, LawnAndGarden
525, coates
526, shoes
527, electronics
528, shoes
529, electronics
530, coates
531, dresses
532, jackets
533, electronics
534, shoes
535, shoes
536, coates
537, shoes
538, coates
539, jackets
540, shoes
541, dresses
542, shoes
543, jackets
544, coates
545, coates
546, shoes
547, coates
548, shoes
549, dresses
550, dresses
551, coates
552, jackets
553, coates
554, coates
555, coates
556, dresses
557, shoes
558, shoes
559, dresses
560, jackets
561, jackets
562, jackets
563, coates
564, dresses
565, shoes
566, electronics
567, shoes
568, coates
569, dresses
570, dresses
571, shoes
572, coates
573, jackets
574, shoes
575, jackets
576, LawnAndGarden
577, electronics
578, coates
579, shoes
580, coates
581, LawnAndGarden
582, jackets
583, LawnAndGarden
584, jackets
585, dresses
586, electronics
587, coates
588, dresses
589, dresses
590, dresses
591, shoes
592, shoes
593, electronics
594, LawnAndGarden
595, shoes
596, coates
597, LawnAndGarden
598, jackets
599, shoes
600, jackets
601, coates
602, dresses
603, LawnAndGarden
604, LawnAndGarden
605, coates
606, jackets
607, shoes
608, dresses
609, coates
610, shoes
611, dresses
612, shoes
613, dresses
614, jackets
615, shoes
616, shoes
617, coates
618, LawnAndGarden
619, dresses
620, shoes
621, coates
622, coates
623, dresses
624, coates
625, dresses
626, dresses
627, jackets
628, LawnAndGarden
629, electronics
630, dresses
631, dresses
632, shoes
633, LawnAndGarden
634, dresses
635, LawnAndGarden
636, jackets
637, coates
638, shoes
639, coates
640, LawnAndGarden
641, dresses
642, shoes
643, LawnAndGarden
644, shoes
645, shoes
646, jackets
647, dresses
648, dresses
649, electronics
650, coates
651, jackets
652, LawnAndGarden
653, dresses
654, coates
655, dresses
656, electronics
657, jackets
658, dresses
659, electronics
660, dresses
661, electronics
662, LawnAndGarden
663, coates
664, dresses
665, jackets
666, coates
667, shoes
668, dresses
669, shoes
670, electronics
671, shoes
672, jackets
673, dresses
674, dresses
675, LawnAndGarden
676, shoes
677, electronics
678, coates
679, shoes
680, jackets
681, coates
682, jackets
683, shoes
684, shoes
685, coates
686, jackets
687, coates
688, LawnAndGarden
689, coates
690, shoes
691, dresses
692, dresses
693, electronics
694, coates
695, jackets
696, electronics
697, shoes
698, shoes
699, dresses
700, jackets
701, shoes
702, shoes
703, jackets
704, LawnAndGarden
705, jackets
706, electronics
707, jackets
708, coates
709, jackets
710, shoes
711, dresses
712, LawnAndGarden
713, shoes
714, dresses
715, electronics
716, dresses
717, jackets
718, dresses
719, coates
720, electronics
721, coates
722, coates
723, dresses
724, shoes
725, dresses
726, dresses
727, dresses
728, coates
729, shoes
730, jackets
731, jackets
732, jackets
733, dresses
734, coates
735, shoes
736, jackets
737, dresses
738, coates
739, coates
740, electronics
741, electronics
742, electronics
743, LawnAndGarden
744, dresses
745, dresses
746, LawnAndGarden
747, dresses
748, coates
749, dresses
750, electronics
751, coates
752, dresses
753, dresses
754, jackets
755, jackets
756, jackets
757, shoes
758, jackets
759, coates
760, shoes
761, electronics
762, jackets
763, electronics
764, jackets
765, dresses
766, coates
767, jackets
768, coates
769, electronics
770, shoes
771, coates
772, shoes
773, shoes
774, dresses
775, coates
776, electronics
777, electronics
778, coates
779, jackets
780, dresses
781, shoes
782, dresses
783, jackets
784, dresses
785, dresses
786, shoes
787, LawnAndGarden
788, jackets
789, dresses
790, electronics
791, electronics
792, LawnAndGarden
793, LawnAndGarden
794, jackets
795, LawnAndGarden
796, dresses
797, coates
798, shoes
799, coates
800, dresses
801, jackets
802, electronics
803, LawnAndGarden
804, coates
805, dresses
806, dresses
807, dresses
808, shoes
809, jackets
810, coates
811, coates
812, coates
813, electronics
814, shoes
815, jackets
816, coates
817, dresses
818, shoes
819, shoes
820, dresses
821, LawnAndGarden
822, dresses
823, electronics
824, electronics
825, dresses
826, shoes
827, LawnAndGarden
828, dresses
829, dresses
830, shoes
831, coates
832, coates
833, jackets
834, shoes
835, shoes
836, dresses
837, jackets
838, shoes
839, electronics
840, jackets
841, coates
842, coates
843, shoes
844, LawnAndGarden
845, shoes
846, dresses
847, electronics
848, dresses
849, dresses
850, dresses
851, dresses
852, electronics
853, electronics
854, shoes
855, coates
856, coates
857, coates
858, jackets
859, shoes
860, jackets
861, coates
862, coates
863, electronics
864, LawnAndGarden
865, dresses
866, coates
867, shoes
868, dresses
869, dresses
870, LawnAndGarden
871, coates
872, jackets
873, dresses
874, shoes
875, dresses
876, dresses
877, electronics
878, jackets
879, jackets
880, coates
881, jackets
882, coates
883, shoes
884, LawnAndGarden
885, shoes
886, coates
887, dresses
888, LawnAndGarden
889, shoes
890, dresses
891, coates
892, coates
893, shoes
894, coates
895, jackets
896, coates
897, LawnAndGarden
898, shoes
899, dresses
900, electronics
901, shoes
902, jackets
903, dresses
904, shoes
905, dresses
906, electronics
907, dresses
908, jackets
909, LawnAndGarden
910, jackets
911, dresses
912, jackets
913, coates
914, dresses
915, jackets
916, shoes
917, shoes
918, shoes
919, shoes
920, jackets
921, jackets
922, shoes
923, jackets
924, shoes
925, coates
926, dresses
927, coates
928, shoes
929, dresses
930, LawnAndGarden
931, electronics
932, shoes
933, shoes
934, coates
935, coates
936, jackets
937, dresses
938, shoes
939, jackets
940, jackets
941, dresses
942, LawnAndGarden
943, electronics
944, coates
945, electronics
946, electronics
947, dresses
948, LawnAndGarden
949, jackets
950, jackets
951, jackets
952, jackets
953, jackets
954, dresses
955, dresses
956, LawnAndGarden
957, shoes
958, dresses
959, coates
960, dresses
961, dresses
962, dresses
963, jackets
964, coates
965, shoes
966, coates
967, dresses
968, coates
969, jackets
970, jackets
971, jackets
972, shoes
973, dresses
974, coates
975, dresses
976, dresses
977, shoes
978, shoes
979, dresses
980, dresses
981, LawnAndGarden
982, shoes
983, coates
984, LawnAndGarden
985, shoes
986, dresses
987, dresses
988, shoes
989, LawnAndGarden
990, shoes
991, LawnAndGarden
992, jackets
993, jackets
994, shoes
995, LawnAndGarden
996, electronics
997, jackets
998, shoes
000, dresses
001, dresses
002, dresses
003, jackets
004, dresses
005, electronics
006, shoes
007, LawnAndGarden
008, electronics
009, electronics
010, electronics
011, LawnAndGarden
012, dresses
013, LawnAndGarden
014, jackets
015, dresses
016, dresses
017, coates
018, electronics
019, jackets
020, jackets
021, dresses
022, coates
023, dresses
024, LawnAndGarden
025, dresses
026, jackets
027, coates
028, dresses
029, jackets
030, electronics
031, LawnAndGarden
032, electronics
033, LawnAndGarden
034, jackets
035, electronics
036, electronics
037, coates
038, dresses
039, electronics
040, dresses
041, jackets
042, jackets
043, dresses
044, dresses
045, shoes
046, coates
047, LawnAndGarden
048, electronics
049, electronics
050, LawnAndGarden
051, LawnAndGarden
052, dresses
053, LawnAndGarden
054, dresses
055, electronics
056, dresses
057, dresses
058, shoes
059, dresses
060, electronics
061, dresses
062, jackets
063, LawnAndGarden
064, LawnAndGarden
065, LawnAndGarden
066, electronics
067, coates
068, LawnAndGarden
069, shoes
070, LawnAndGarden
071, jackets
072, dresses
073, electronics
074, jackets
075, coates
076, electronics
077, jackets
078, dresses
079, shoes
080, LawnAndGarden
081, electronics
082, jackets
083, dresses
084, jackets
085, coates
086, LawnAndGarden
087, dresses
088, dresses
089, dresses
090, coates
091, shoes
092, dresses
093, electronics
094, coates
095, jackets
096, LawnAndGarden
097, shoes
098, jackets
099, dresses
100, jackets
101, LawnAndGarden
102, dresses
103, LawnAndGarden
104, jackets
105, jackets
106, electronics
107, electronics
108, electronics
109, shoes
110, electronics
111, jackets
112, dresses
113, electronics
114, LawnAndGarden
115, electronics
116, dresses
117, electronics
118, electronics
119, jackets
120, dresses
121, jackets
122, electronics
123, jackets
124, dresses
125, dresses
126, electronics
127, LawnAndGarden
128, electronics
129, electronics
130, dresses
131, shoes
132, shoes
133, electronics
134, jackets
135, coates
136, dresses
137, LawnAndGarden
138, LawnAndGarden
139, dresses
140, dresses
141, coates
142, electronics
143, jackets
144, electronics
145, LawnAndGarden
146, LawnAndGarden
147, electronics
148, jackets
149, coates
150, dresses
151, jackets
152, jackets
153, coates
154, dresses
155, LawnAndGarden
156, dresses
157, electronics
158, electronics
159, LawnAndGarden
160, jackets
161, dresses
162, dresses
163, coates
164, electronics
165, electronics
166, LawnAndGarden
167, electronics
168, dresses
169, jackets
170, LawnAndGarden
171, dresses
172, dresses
173, coates
174, shoes
175, LawnAndGarden
176, dresses
177, electronics
178, jackets
179, LawnAndGarden
180, jackets
181, LawnAndGarden
182, dresses
183, electronics
184, shoes
185, LawnAndGarden
186, LawnAndGarden
187, coates
188, shoes
189, dresses
190, jackets
191, dresses
192, coates
193, jackets
194, dresses
195, dresses
196, jackets
197, LawnAndGarden
198, dresses
199, coates
200, dresses
201, shoes
202, shoes
203, electronics
204, jackets
205, LawnAndGarden
206, LawnAndGarden
207, coates
208, dresses
209, shoes
210, LawnAndGarden
211, jackets
212, LawnAndGarden
213, electronics
214, dresses
215, electronics
216, shoes
217, LawnAndGarden
218, electronics
219, LawnAndGarden
220, shoes
221, LawnAndGarden
222, LawnAndGarden
223, electronics
224, jackets
225, electronics
226, electronics
227, jackets
228, LawnAndGarden
229, electronics
230, LawnAndGarden
231, shoes
232, dresses
233, dresses
234, electronics
235, shoes
236, electronics
237, jackets
238, LawnAndGarden
239, jackets
240, LawnAndGarden
241, LawnAndGarden
242, LawnAndGarden
243, jackets
244, dresses
245, LawnAndGarden
246, jackets
247, dresses
248, LawnAndGarden
249, electronics
250, jackets
251, coates
252, electronics
253, LawnAndGarden
254, LawnAndGarden
255, dresses
256, jackets
257, dresses
258, LawnAndGarden
259, coates
260, dresses
261, shoes
262, jackets
263, electronics
264, LawnAndGarden
265, electronics
266, dresses
267, LawnAndGarden
268, dresses
269, jackets
270, shoes
271, shoes
272, jackets
273, jackets
274, electronics
275, LawnAndGarden
276, LawnAndGarden
277, jackets
278, dresses
279, jackets
280, LawnAndGarden
281, coates
282, LawnAndGarden
283, electronics
284, dresses
285, jackets
286, LawnAndGarden
287, dresses
288, coates
289, electronics
290, jackets
291, dresses
292, shoes
293, shoes
294, LawnAndGarden
295, jackets
296, electronics
297, dresses
298, shoes
299, coates
300, LawnAndGarden
301, dresses
302, electronics
303, electronics
304, LawnAndGarden
305, shoes
306, dresses
307, electronics
308, LawnAndGarden
309, shoes
310, LawnAndGarden
311, dresses
312, electronics
313, dresses
314, LawnAndGarden
315, dresses
316, LawnAndGarden
317, electronics
318, LawnAndGarden
319, LawnAndGarden
320, jackets
321, electronics
322, dresses
323, LawnAndGarden
324, dresses
325, LawnAndGarden
326, coates
327, jackets
328, LawnAndGarden
329, LawnAndGarden
330, dresses
331, jackets
332, dresses
333, LawnAndGarden
334, LawnAndGarden
335, shoes
336, dresses
337, LawnAndGarden
338, dresses
339, LawnAndGarden
340, electronics
341, jackets
342, dresses
343, LawnAndGarden
344, dresses
345, jackets
346, electronics
347, dresses
348, shoes
349, shoes
350, electronics
351, coates
352, LawnAndGarden
353, dresses
354, coates
355, jackets
356, dresses
357, jackets
358, LawnAndGarden
359, dresses
360, coates
361, electronics
362, shoes
363, electronics
364, shoes
365, coates
366, dresses
367, dresses
368, electronics
369, dresses
370, shoes
371, dresses
372, shoes
373, LawnAndGarden
374, coates
375, jackets
376, LawnAndGarden
377, LawnAndGarden
378, electronics
379, dresses
380, electronics
381, LawnAndGarden
382, LawnAndGarden
383, shoes
384, electronics
385, electronics
386, LawnAndGarden
387, coates
388, LawnAndGarden
389, LawnAndGarden
390, LawnAndGarden
391, jackets
392, coates
393, coates
394, coates
395, jackets
396, electronics
397, jackets
398, LawnAndGarden
399, jackets
400, dresses
401, electronics
402, LawnAndGarden
403, dresses
404, jackets
405, coates
406, electronics
407, jackets
408, dresses
409, jackets
410, electronics
411, LawnAndGarden
412, electronics
413, electronics
414, dresses
415, shoes
416, electronics
417, LawnAndGarden
418, shoes
419, dresses
420, LawnAndGarden
421, shoes
422, shoes
423, electronics
424, jackets
425, electronics
426, jackets
427, electronics
428, LawnAndGarden
429, dresses
430, electronics
431, electronics
432, electronics
433, shoes
434, electronics
435, LawnAndGarden
436, LawnAndGarden
437, jackets
438, dresses
439, dresses
440, electronics
441, electronics
442, dresses
443, dresses
444, dresses
445, coates
446, dresses
447, electronics
448, jackets
449, jackets
450, jackets
451, coates
452, jackets
453, dresses
454, jackets
455, shoes
456, jackets
457, dresses
458, dresses
459, dresses
460, coates
461, LawnAndGarden
462, LawnAndGarden
463, electronics
464, electronics
465, electronics
466, coates
467, electronics
468, dresses
469, shoes
470, dresses
471, electronics
472, shoes
473, jackets
474, shoes
475, dresses
476, LawnAndGarden
477, LawnAndGarden
478, LawnAndGarden
479, dresses
480, LawnAndGarden
481, LawnAndGarden
482, LawnAndGarden
483, jackets
484, LawnAndGarden
485, jackets
486, coates
487, coates
488, jackets
489, electronics
490, shoes
491, electronics
492, dresses
493, dresses
494, LawnAndGarden
495, electronics
496, shoes
497, jackets
498, LawnAndGarden
499, coates
500, electronics
501, electronics
502, LawnAndGarden
503, jackets
504, coates
505, electronics
506, shoes
507, dresses
508, shoes
509, electronics
510, coates
511, LawnAndGarden
512, dresses
513, electronics
514, jackets
515, LawnAndGarden
516, electronics
517, jackets
518, electronics
519, electronics
520, electronics
521, electronics
522, jackets
523, jackets
524, electronics
525, LawnAndGarden
526, dresses
527, dresses
528, jackets
529, LawnAndGarden
530, electronics
531, jackets
532, dresses
533, jackets
534, LawnAndGarden
535, jackets
536, LawnAndGarden
537, dresses
538, LawnAndGarden
539, electronics
540, jackets
541, coates
542, dresses
543, LawnAndGarden
544, electronics
545, jackets
546, electronics
547, jackets
548, coates
549, jackets
550, jackets
551, dresses
552, electronics
553, coates
554, dresses
555, jackets
556, LawnAndGarden
557, electronics
558, shoes
559, dresses
560, shoes
561, LawnAndGarden
562, LawnAndGarden
563, LawnAndGarden
564, LawnAndGarden
565, coates
566, electronics
567, LawnAndGarden
568, jackets
569, LawnAndGarden
570, dresses
571, LawnAndGarden
572, LawnAndGarden
573, jackets
574, electronics
575, jackets
576, jackets
577, dresses
578, jackets
579, dresses
580, electronics
581, jackets
582, electronics
583, dresses
584, shoes
585, shoes
586, jackets
587, dresses
588, electronics
589, dresses
590, electronics
591, jackets
592, dresses
593, dresses
594, electronics
595, jackets
596, LawnAndGarden
597, jackets
598, jackets
599, dresses
600, jackets
601, LawnAndGarden
602, electronics
603, jackets
604, jackets
605, coates
606, coates
607, dresses
608, LawnAndGarden
609, shoes
610, electronics
611, dresses
612, electronics
613, dresses
614, LawnAndGarden
615, dresses
616, electronics
617, coates
618, jackets
619, electronics
620, LawnAndGarden
621, coates
622, shoes
623, coates
624, LawnAndGarden
625, LawnAndGarden
626, dresses
627, shoes
628, electronics
629, jackets
630, jackets
631, jackets
632, coates
633, LawnAndGarden
634, shoes
635, electronics
636, dresses
637, jackets
638, jackets
639, shoes
640, electronics
641, dresses
642, electronics
643, jackets
644, electronics
645, electronics
646, electronics
647, dresses
648, electronics
649, dresses
650, dresses
651, dresses
652, shoes
653, LawnAndGarden
654, electronics
655, dresses
656, electronics
657, LawnAndGarden
658, electronics
659, jackets
660, jackets
661, jackets
662, jackets
663, shoes
664, LawnAndGarden
665, dresses
666, coates
667, LawnAndGarden
668, electronics
669, coates
670, jackets
671, dresses
672, shoes
673, jackets
674, dresses
675, jackets
676, shoes
677, shoes
678, dresses
679, jackets
680, dresses
681, shoes
682, jackets
683, shoes
684, jackets
685, electronics
686, LawnAndGarden
687, dresses
688, coates
689, dresses
690, electronics
691, dresses
692, shoes
693, shoes
694, coates
695, electronics
696, coates
697, LawnAndGarden
698, dresses
699, electronics
700, LawnAndGarden
701, jackets
702, jackets
703, dresses
704, jackets
705, electronics
706, jackets
707, jackets
708, LawnAndGarden
709, electronics
710, LawnAndGarden
711, coates
712, LawnAndGarden
713, coates
714, LawnAndGarden
715, electronics
716, electronics
717, LawnAndGarden
718, coates
719, electronics
720, electronics
721, electronics
722, dresses
723, jackets
724, coates
725, electronics
726, dresses
727, electronics
728, electronics
729, electronics
730, electronics
731, electronics
732, shoes
733, LawnAndGarden
734, dresses
735, dresses
736, coates
737, jackets
738, LawnAndGarden
739, LawnAndGarden
740, dresses
741, LawnAndGarden
742, shoes
743, LawnAndGarden
744, coates
745, LawnAndGarden
746, jackets
747, LawnAndGarden
748, coates
749, dresses
750, electronics
751, dresses
752, electronics
753, coates
754, jackets
755, jackets
756, shoes
757, LawnAndGarden
758, LawnAndGarden
759, electronics
760, LawnAndGarden
761, LawnAndGarden
762, electronics
763, LawnAndGarden
764, electronics
765, shoes
766, dresses
767, jackets
768, LawnAndGarden
769, electronics
770, electronics
771, LawnAndGarden
772, electronics
773, shoes
774, LawnAndGarden
775, electronics
776, jackets
777, electronics
778, electronics
779, shoes
780, dresses
781, dresses
782, jackets
783, dresses
784, LawnAndGarden
785, electronics
786, electronics
787, electronics
788, coates
789, LawnAndGarden
790, coates
791, coates
792, dresses
793, shoes
794, coates
795, LawnAndGarden
796, LawnAndGarden
797, jackets
798, LawnAndGarden
799, coates
800, jackets
801, dresses
802, electronics
803, jackets
804, shoes
805, dresses
806, dresses
807, dresses
808, LawnAndGarden
809, electronics
810, jackets
811, LawnAndGarden
812, LawnAndGarden
813, jackets
814, electronics
815, electronics
816, dresses
817, LawnAndGarden
818, shoes
819, LawnAndGarden
820, electronics
821, dresses
822, coates
823, jackets
824, jackets
825, LawnAndGarden
826, jackets
827, electronics
828, shoes
829, dresses
830, dresses
831, electronics
832, jackets
833, shoes
834, electronics
835, electronics
836, jackets
837, shoes
838, LawnAndGarden
839, electronics
840, coates
841, electronics
842, dresses
843, shoes
844, electronics
845, coates
846, jackets
847, electronics
848, LawnAndGarden
849, LawnAndGarden
850, coates
851, electronics
852, dresses
853, LawnAndGarden
854, electronics
855, electronics
856, LawnAndGarden
857, jackets
858, electronics
859, jackets
860, jackets
861, shoes
862, shoes
863, electronics
864, LawnAndGarden
865, jackets
866, shoes
867, LawnAndGarden
868, LawnAndGarden
869, dresses
870, shoes
871, LawnAndGarden
872, electronics
873, electronics
874, dresses
875, shoes
876, LawnAndGarden
877, coates
878, dresses
879, dresses
880, coates
881, jackets
882, electronics
883, electronics
884, dresses
885, shoes
886, electronics
887, dresses
888, dresses
889, coates
890, LawnAndGarden
891, LawnAndGarden
892, dresses
893, dresses
894, electronics
895, dresses
896, jackets
897, dresses
898, LawnAndGarden
899, jackets
900, shoes
901, dresses
902, LawnAndGarden
903, LawnAndGarden
904, dresses
905, shoes
906, jackets
907, jackets
908, LawnAndGarden
909, shoes
910, shoes
911, LawnAndGarden
912, jackets
913, coates
914, jackets
915, jackets
916, LawnAndGarden
917, coates
918, LawnAndGarden
919, dresses
920, LawnAndGarden
921, electronics
922, jackets
923, coates
924, jackets
925, LawnAndGarden
926, jackets
927, dresses
928, coates
929, dresses
930, dresses
931, electronics
932, electronics
933, electronics
934, jackets
935, dresses
936, dresses
937, electronics
938, LawnAndGarden
939, jackets
940, shoes
941, LawnAndGarden
942, electronics
943, shoes
944, LawnAndGarden
945, LawnAndGarden
946, electronics
947, dresses
948, jackets
949, jackets
950, electronics
951, coates
952, shoes
953, jackets
954, electronics
955, dresses
956, jackets
957, jackets
958, jackets
959, electronics
960, jackets
961, LawnAndGarden
962, electronics
963, LawnAndGarden
964, jackets
965, jackets
966, LawnAndGarden
967, electronics
968, jackets
969, electronics
970, dresses
971, dresses
972, electronics
973, LawnAndGarden
974, LawnAndGarden
975, jackets
976, coates
977, LawnAndGarden
978, electronics
979, dresses
980, LawnAndGarden
981, LawnAndGarden
982, coates
983, coates
984, LawnAndGarden
985, dresses
986, coates
987, jackets
988, electronics
989, LawnAndGarden
990, jackets
991, coates
992, electronics
993, jackets
994, dresses
995, dresses
996, LawnAndGarden
997, electronics
998, dresses
